<?xml version="1.0" encoding="UTF-8"?>
<mule xmlns="http://www.mulesoft.org/schema/mule/core" xmlns:api-platform-gw="http://www.mulesoft.org/schema/mule/api-platform-gw" xmlns:apikit="http://www.mulesoft.org/schema/mule/apikit" xmlns:context="http://www.springframework.org/schema/context" xmlns:doc="http://www.mulesoft.org/schema/mule/documentation" xmlns:expression-language="http://www.mulesoft.org/schema/mule/expression-language-gw" xmlns:http="http://www.mulesoft.org/schema/mule/http" xmlns:spring="http://www.springframework.org/schema/beans" xmlns:xsi="http://www.w3.org/2001/XMLSchema-instance" xsi:schemaLocation="http://www.mulesoft.org/schema/mule/api-platform-gw http://www.mulesoft.org/schema/mule/api-platform-gw/current/mule-api-platform-gw.xsd
http://www.springframework.org/schema/beans http://www.springframework.org/schema/beans/spring-beans-current.xsd
http://www.mulesoft.org/schema/mule/core http://www.mulesoft.org/schema/mule/core/current/mule.xsd
http://www.mulesoft.org/schema/mule/http http://www.mulesoft.org/schema/mule/http/current/mule-http.xsd
http://www.springframework.org/schema/context http://www.springframework.org/schema/context/spring-context-current.xsd
http://www.mulesoft.org/schema/mule/expression-language-gw http://www.mulesoft.org/schema/mule/expression-language-gw/current/mule-expression-language-gw.xsd
http://www.mulesoft.org/schema/mule/apikit http://www.mulesoft.org/schema/mule/apikit/current/mule-apikit.xsd">
    
    <expression-language:property-placeholder location="${artifactId}.properties" />
    <api-platform-gw:api apiName="![p['api.name']]" version="![p['api.version']]" flowRef="${artifactId}-main" create="true" doc:name="API Autodiscovery">
        <api-platform-gw:description>![p['api.description']]</api-platform-gw:description>
    </api-platform-gw:api>

    <apikit:config name="${artifactId}-config" raml="${artifactId}.raml" consoleEnabled="false" doc:name="Router"/>

    <flow name="${artifactId}-main">
        <http:listener config-ref="http-listener-8081" path="/api/${artifactId}/*" doc:name="HTTP" />
        <apikit:router config-ref="${artifactId}-config" doc:name="APIkit Router" />
        <exception-strategy ref="${artifactId}-apiKitGlobalExceptionMapping" doc:name="Reference Exception Strategy" />
    </flow>

    <flow name="${artifactId}-main-8082">
        <http:listener config-ref="http-listener-8082" path="/api/${artifactId}/*" doc:name="HTTP" />
        <apikit:router config-ref="${artifactId}-config" doc:name="APIkit Router" />
        <exception-strategy ref="${artifactId}-apiKitGlobalExceptionMapping" doc:name="Reference Exception Strategy" />
    </flow>

</mule>
