<?xml version="1.0" encoding="UTF-8"?>
<policy xmlns="http://www.mulesoft.org/schema/mule/policy"
	xmlns:xsi="http://www.w3.org/2001/XMLSchema-instance" xmlns:spring="http://www.springframework.org/schema/beans" xmlns:throttling-gw="http://www.mulesoft.org/schema/mule/throttling-gw" xmlns:api-platform-gw="http://www.mulesoft.org/schema/mule/api-platform-gw"
	xsi:schemaLocation="http://www.mulesoft.org/schema/mule/policy http://www.mulesoft.org/schema/mule/policy/current/mule-policy.xsd http://www.springframework.org/schema/beans http://www.springframework.org/schema/beans/spring-beans-3.1.xsd http://www.mulesoft.org/schema/mule/throttling-gw http://www.mulesoft.org/schema/mule/throttling-gw/current/mule-throttling-gw.xsd http://www.mulesoft.org/schema/mule/api-platform-gw http://www.mulesoft.org/schema/mule/api-platform-gw/current/mule-api-platform-gw.xsd" id="100100" policyName="Rate Limiting" order="1" online="false">

	<throttling-gw:policy xmlns:throttling-gw="http://www.mulesoft.org/schema/mule/throttling-gw" enableStatistics="true" notifyEveryExceededRequest="true" id="100100">
		<throttling-gw:discard-response />
		<throttling-gw:fixed-time-frame-algorithm>
			<throttling-gw:rate-limit maximumRequestsPerPeriod="100" timePeriodMillis="60000" />
		</throttling-gw:fixed-time-frame-algorithm>
	</throttling-gw:policy>

	<before>
		<throttling-gw:throttle xmlns:throttling-gw="http://www.mulesoft.org/schema/mule/throttling-gw" throttling-policy-ref="100100" />
	</before>

	<pointcut>
		<api-platform-gw:api-pointcut xmlns:api-platform-gw="http://www.mulesoft.org/schema/mule/api-platform-gw" apiName="${apiName}" apiVersion="${apiVersion}" />
	</pointcut>

</policy>
