<?xml version="1.0" encoding="UTF-8"?>
<archetype-descriptor name="basic">

	<fileSets>
		<fileSet filtered="true" packaged="false">
			<directory></directory>
			<includes>
				<include>.classpath</include>
				<include>.project</include>
				<include>.gitignore</include>
				<include>mule-project.xml</include>
			</includes>
		</fileSet>

		<fileSet filtered="true" packaged="false">
			<directory>src</directory>
			<includes>
				<include>**/**</include>
			</includes>
			<excludes>
				<exclude>**main/resources/log4j2.xml</exclude>
				<exclude>**test/resources/log4j2-test.xml</exclude>
			</excludes>
		</fileSet>

		<fileSet filtered="false" packaged="false">
			<directory>src/main/resources</directory>
			<includes>
				<include>**/**</include>
			</includes>
		</fileSet>

		<fileSet filtered="false" packaged="false">
			<directory>src/test/resources</directory>
			<includes>
				<include>**/**</include>
			</includes>
		</fileSet>

	</fileSets>

	<requiredProperties>
		<requiredProperty key="apiName">
			<defaultValue>${artifactId}</defaultValue>
		</requiredProperty>
		<requiredProperty key="apiVersion">
			<defaultValue>v1.0</defaultValue>
		</requiredProperty>
		<requiredProperty key="apiDescription">
			<defaultValue>API Description goes here</defaultValue>
		</requiredProperty>
	</requiredProperties>

</archetype-descriptor>

